input,target,prompt,variant
inputs/astoria_full_0000_input.png,targets/astoria_full_0000_target.png,Fill in the outlined section with the missing pixels corresponding to the <sprite nyc pixel art> style. The red border indicates the region to generate. Variant: full.,full
inputs/astoria_quadrant_0001_input.png,targets/astoria_quadrant_0001_target.png,Fill in the outlined section with the missing pixels corresponding to the <sprite nyc pixel art> style. The red border indicates the region to generate. Variant: quadrant.,quadrant
inputs/astoria_half_0002_input.png,targets/astoria_half_0002_target.png,Fill in the outlined section with the missing pixels corresponding to the <sprite nyc pixel art> style. The red border indicates the region to generate. Variant: half.,half
inputs/astoria_middle_0003_input.png,targets/astoria_middle_0003_target.png,Fill in the outlined section with the missing pixels corresponding to the <sprite nyc pixel art> style. The red border indicates the region to generate. Variant: middle.,middle
inputs/astoria_rect_strip_0004_input.png,targets/astoria_rect_strip_0004_target.png,Fill in the outlined section with the missing pixels corresponding to the <sprite nyc pixel art> style. The red border indicates the region to generate. Variant: rect_strip.,rect_strip
inputs/astoria_rect_infill_0005_input.png,targets/astoria_rect_infill_0005_target.png,Fill in the outlined section with the missing pixels corresponding to the <sprite nyc pixel art> style. The red border indicates the region to generate. Variant: rect_infill.,rect_infill
inputs/battery_park_full_0006_input.png,targets/battery_park_full_0006_target.png,Fill in the outlined section with the missing pixels corresponding to the <sprite nyc pixel art> style. The red border indicates the region to generate. Variant: full.,full
inputs/battery_park_quadrant_0007_input.png,targets/battery_park_quadrant_0007_target.png,Fill in the outlined section with the missing pixels corresponding to the <sprite nyc pixel art> style. The red border indicates the region to generate. Variant: quadrant.,quadrant
inputs/battery_park_half_0008_input.png,targets/battery_park_half_0008_target.png,Fill in the outlined section with the missing pixels corresponding to the <sprite nyc pixel art> style. The red border indicates the region to generate. Variant: half.,half
inputs/battery_park_middle_0009_input.png,targets/battery_park_middle_0009_target.png,Fill in the outlined section with the missing pixels corresponding to the <sprite nyc pixel art> style. The red border indicates the region to generate. Variant: middle.,middle
inputs/battery_park_rect_strip_0010_input.png,targets/battery_park_rect_strip_0010_target.png,Fill in the outlined section with the missing pixels corresponding to the <sprite nyc pixel art> style. The red border indicates the region to generate. Variant: rect_strip.,rect_strip
inputs/battery_park_rect_infill_0011_input.png,targets/battery_park_rect_infill_0011_target.png,Fill in the outlined section with the missing pixels corresponding to the <sprite nyc pixel art> style. The red border indicates the region to generate. Variant: rect_infill.,rect_infill
inputs/bronx_grand_concourse_full_0012_input.png,targets/bronx_grand_concourse_full_0012_target.png,Fill in the outlined section with the missing pixels corresponding to the <sprite nyc pixel art> style. The red border indicates the region to generate. Variant: full.,full
inputs/bronx_grand_concourse_quadrant_0013_input.png,targets/bronx_grand_concourse_quadrant_0013_target.png,Fill in the outlined section with the missing pixels corresponding to the <sprite nyc pixel art> style. The red border indicates the region to generate. Variant: quadrant.,quadrant
inputs/bronx_grand_concourse_half_0014_input.png,targets/bronx_grand_concourse_half_0014_target.png,Fill in the outlined section with the missing pixels corresponding to the <sprite nyc pixel art> style. The red border indicates the region to generate. Variant: half.,half
inputs/bronx_grand_concourse_middle_0015_input.png,targets/bronx_grand_concourse_middle_0015_target.png,Fill in the outlined section with the missing pixels corresponding to the <sprite nyc pixel art> style. The red border indicates the region to generate. Variant: middle.,middle
inputs/bronx_grand_concourse_rect_strip_0016_input.png,targets/bronx_grand_concourse_rect_strip_0016_target.png,Fill in the outlined section with the missing pixels corresponding to the <sprite nyc pixel art> style. The red border indicates the region to generate. Variant: rect_strip.,rect_strip
inputs/bronx_grand_concourse_rect_infill_0017_input.png,targets/bronx_grand_concourse_rect_infill_0017_target.png,Fill in the outlined section with the missing pixels corresponding to the <sprite nyc pixel art> style. The red border indicates the region to generate. Variant: rect_infill.,rect_infill
inputs/brooklyn_bridge_full_0018_input.png,targets/brooklyn_bridge_full_0018_target.png,Fill in the outlined section with the missing pixels corresponding to the <sprite nyc pixel art> style. The red border indicates the region to generate. Variant: full.,full
inputs/brooklyn_bridge_quadrant_0019_input.png,targets/brooklyn_bridge_quadrant_0019_target.png,Fill in the outlined section with the missing pixels corresponding to the <sprite nyc pixel art> style. The red border indicates the region to generate. Variant: quadrant.,quadrant
inputs/brooklyn_bridge_half_0020_input.png,targets/brooklyn_bridge_half_0020_target.png,Fill in the outlined section with the missing pixels corresponding to the <sprite nyc pixel art> style. The red border indicates the region to generate. Variant: half.,half
inputs/brooklyn_bridge_middle_0021_input.png,targets/brooklyn_bridge_middle_0021_target.png,Fill in the outlined section with the missing pixels corresponding to the <sprite nyc pixel art> style. The red border indicates the region to generate. Variant: middle.,middle
inputs/brooklyn_bridge_rect_strip_0022_input.png,targets/brooklyn_bridge_rect_strip_0022_target.png,Fill in the outlined section with the missing pixels corresponding to the <sprite nyc pixel art> style. The red border indicates the region to generate. Variant: rect_strip.,rect_strip
inputs/brooklyn_bridge_rect_infill_0023_input.png,targets/brooklyn_bridge_rect_infill_0023_target.png,Fill in the outlined section with the missing pixels corresponding to the <sprite nyc pixel art> style. The red border indicates the region to generate. Variant: rect_infill.,rect_infill
inputs/brooklyn_downtown_full_0024_input.png,targets/brooklyn_downtown_full_0024_target.png,Fill in the outlined section with the missing pixels corresponding to the <sprite nyc pixel art> style. The red border indicates the region to generate. Variant: full.,full
inputs/brooklyn_downtown_quadrant_0025_input.png,targets/brooklyn_downtown_quadrant_0025_target.png,Fill in the outlined section with the missing pixels corresponding to the <sprite nyc pixel art> style. The red border indicates the region to generate. Variant: quadrant.,quadrant
inputs/brooklyn_downtown_half_0026_input.png,targets/brooklyn_downtown_half_0026_target.png,Fill in the outlined section with the missing pixels corresponding to the <sprite nyc pixel art> style. The red border indicates the region to generate. Variant: half.,half
inputs/brooklyn_downtown_middle_0027_input.png,targets/brooklyn_downtown_middle_0027_target.png,Fill in the outlined section with the missing pixels corresponding to the <sprite nyc pixel art> style. The red border indicates the region to generate. Variant: middle.,middle
inputs/brooklyn_downtown_rect_strip_0028_input.png,targets/brooklyn_downtown_rect_strip_0028_target.png,Fill in the outlined section with the missing pixels corresponding to the <sprite nyc pixel art> style. The red border indicates the region to generate. Variant: rect_strip.,rect_strip
inputs/brooklyn_downtown_rect_infill_0029_input.png,targets/brooklyn_downtown_rect_infill_0029_target.png,Fill in the outlined section with the missing pixels corresponding to the <sprite nyc pixel art> style. The red border indicates the region to generate. Variant: rect_infill.,rect_infill
inputs/central_park_north_full_0030_input.png,targets/central_park_north_full_0030_target.png,Fill in the outlined section with the missing pixels corresponding to the <sprite nyc pixel art> style. The red border indicates the region to generate. Variant: full.,full
inputs/central_park_north_quadrant_0031_input.png,targets/central_park_north_quadrant_0031_target.png,Fill in the outlined section with the missing pixels corresponding to the <sprite nyc pixel art> style. The red border indicates the region to generate. Variant: quadrant.,quadrant
inputs/central_park_north_half_0032_input.png,targets/central_park_north_half_0032_target.png,Fill in the outlined section with the missing pixels corresponding to the <sprite nyc pixel art> style. The red border indicates the region to generate. Variant: half.,half
inputs/central_park_north_middle_0033_input.png,targets/central_park_north_middle_0033_target.png,Fill in the outlined section with the missing pixels corresponding to the <sprite nyc pixel art> style. The red border indicates the region to generate. Variant: middle.,middle
inputs/central_park_north_rect_strip_0034_input.png,targets/central_park_north_rect_strip_0034_target.png,Fill in the outlined section with the missing pixels corresponding to the <sprite nyc pixel art> style. The red border indicates the region to generate. Variant: rect_strip.,rect_strip
inputs/central_park_north_rect_infill_0035_input.png,targets/central_park_north_rect_infill_0035_target.png,Fill in the outlined section with the missing pixels corresponding to the <sprite nyc pixel art> style. The red border indicates the region to generate. Variant: rect_infill.,rect_infill
inputs/central_park_south_full_0036_input.png,targets/central_park_south_full_0036_target.png,Fill in the outlined section with the missing pixels corresponding to the <sprite nyc pixel art> style. The red border indicates the region to generate. Variant: full.,full
inputs/central_park_south_quadrant_0037_input.png,targets/central_park_south_quadrant_0037_target.png,Fill in the outlined section with the missing pixels corresponding to the <sprite nyc pixel art> style. The red border indicates the region to generate. Variant: quadrant.,quadrant
inputs/central_park_south_half_0038_input.png,targets/central_park_south_half_0038_target.png,Fill in the outlined section with the missing pixels corresponding to the <sprite nyc pixel art> style. The red border indicates the region to generate. Variant: half.,half
inputs/central_park_south_middle_0039_input.png,targets/central_park_south_middle_0039_target.png,Fill in the outlined section with the missing pixels corresponding to the <sprite nyc pixel art> style. The red border indicates the region to generate. Variant: middle.,middle
inputs/central_park_south_rect_strip_0040_input.png,targets/central_park_south_rect_strip_0040_target.png,Fill in the outlined section with the missing pixels corresponding to the <sprite nyc pixel art> style. The red border indicates the region to generate. Variant: rect_strip.,rect_strip
inputs/central_park_south_rect_infill_0041_input.png,targets/central_park_south_rect_infill_0041_target.png,Fill in the outlined section with the missing pixels corresponding to the <sprite nyc pixel art> style. The red border indicates the region to generate. Variant: rect_infill.,rect_infill
inputs/chinatown_full_0042_input.png,targets/chinatown_full_0042_target.png,Fill in the outlined section with the missing pixels corresponding to the <sprite nyc pixel art> style. The red border indicates the region to generate. Variant: full.,full
inputs/chinatown_quadrant_0043_input.png,targets/chinatown_quadrant_0043_target.png,Fill in the outlined section with the missing pixels corresponding to the <sprite nyc pixel art> style. The red border indicates the region to generate. Variant: quadrant.,quadrant
inputs/chinatown_half_0044_input.png,targets/chinatown_half_0044_target.png,Fill in the outlined section with the missing pixels corresponding to the <sprite nyc pixel art> style. The red border indicates the region to generate. Variant: half.,half
inputs/chinatown_middle_0045_input.png,targets/chinatown_middle_0045_target.png,Fill in the outlined section with the missing pixels corresponding to the <sprite nyc pixel art> style. The red border indicates the region to generate. Variant: middle.,middle
inputs/chinatown_rect_strip_0046_input.png,targets/chinatown_rect_strip_0046_target.png,Fill in the outlined section with the missing pixels corresponding to the <sprite nyc pixel art> style. The red border indicates the region to generate. Variant: rect_strip.,rect_strip
inputs/chinatown_rect_infill_0047_input.png,targets/chinatown_rect_infill_0047_target.png,Fill in the outlined section with the missing pixels corresponding to the <sprite nyc pixel art> style. The red border indicates the region to generate. Variant: rect_infill.,rect_infill
inputs/citi_field_full_0048_input.png,targets/citi_field_full_0048_target.png,Fill in the outlined section with the missing pixels corresponding to the <sprite nyc pixel art> style. The red border indicates the region to generate. Variant: full.,full
inputs/citi_field_quadrant_0049_input.png,targets/citi_field_quadrant_0049_target.png,Fill in the outlined section with the missing pixels corresponding to the <sprite nyc pixel art> style. The red border indicates the region to generate. Variant: quadrant.,quadrant
inputs/citi_field_half_0050_input.png,targets/citi_field_half_0050_target.png,Fill in the outlined section with the missing pixels corresponding to the <sprite nyc pixel art> style. The red border indicates the region to generate. Variant: half.,half
inputs/citi_field_middle_0051_input.png,targets/citi_field_middle_0051_target.png,Fill in the outlined section with the missing pixels corresponding to the <sprite nyc pixel art> style. The red border indicates the region to generate. Variant: middle.,middle
inputs/citi_field_rect_strip_0052_input.png,targets/citi_field_rect_strip_0052_target.png,Fill in the outlined section with the missing pixels corresponding to the <sprite nyc pixel art> style. The red border indicates the region to generate. Variant: rect_strip.,rect_strip
inputs/citi_field_rect_infill_0053_input.png,targets/citi_field_rect_infill_0053_target.png,Fill in the outlined section with the missing pixels corresponding to the <sprite nyc pixel art> style. The red border indicates the region to generate. Variant: rect_infill.,rect_infill
inputs/columbia_university_full_0054_input.png,targets/columbia_university_full_0054_target.png,Fill in the outlined section with the missing pixels corresponding to the <sprite nyc pixel art> style. The red border indicates the region to generate. Variant: full.,full
inputs/columbia_university_quadrant_0055_input.png,targets/columbia_university_quadrant_0055_target.png,Fill in the outlined section with the missing pixels corresponding to the <sprite nyc pixel art> style. The red border indicates the region to generate. Variant: quadrant.,quadrant
inputs/columbia_university_half_0056_input.png,targets/columbia_university_half_0056_target.png,Fill in the outlined section with the missing pixels corresponding to the <sprite nyc pixel art> style. The red border indicates the region to generate. Variant: half.,half
inputs/columbia_university_middle_0057_input.png,targets/columbia_university_middle_0057_target.png,Fill in the outlined section with the missing pixels corresponding to the <sprite nyc pixel art> style. The red border indicates the region to generate. Variant: middle.,middle
inputs/columbia_university_rect_strip_0058_input.png,targets/columbia_university_rect_strip_0058_target.png,Fill in the outlined section with the missing pixels corresponding to the <sprite nyc pixel art> style. The red border indicates the region to generate. Variant: rect_strip.,rect_strip
inputs/columbia_university_rect_infill_0059_input.png,targets/columbia_university_rect_infill_0059_target.png,Fill in the outlined section with the missing pixels corresponding to the <sprite nyc pixel art> style. The red border indicates the region to generate. Variant: rect_infill.,rect_infill
inputs/coney_island_full_0060_input.png,targets/coney_island_full_0060_target.png,Fill in the outlined section with the missing pixels corresponding to the <sprite nyc pixel art> style. The red border indicates the region to generate. Variant: full.,full
inputs/coney_island_quadrant_0061_input.png,targets/coney_island_quadrant_0061_target.png,Fill in the outlined section with the missing pixels corresponding to the <sprite nyc pixel art> style. The red border indicates the region to generate. Variant: quadrant.,quadrant
inputs/coney_island_half_0062_input.png,targets/coney_island_half_0062_target.png,Fill in the outlined section with the missing pixels corresponding to the <sprite nyc pixel art> style. The red border indicates the region to generate. Variant: half.,half
inputs/coney_island_middle_0063_input.png,targets/coney_island_middle_0063_target.png,Fill in the outlined section with the missing pixels corresponding to the <sprite nyc pixel art> style. The red border indicates the region to generate. Variant: middle.,middle
inputs/coney_island_rect_strip_0064_input.png,targets/coney_island_rect_strip_0064_target.png,Fill in the outlined section with the missing pixels corresponding to the <sprite nyc pixel art> style. The red border indicates the region to generate. Variant: rect_strip.,rect_strip
inputs/coney_island_rect_infill_0065_input.png,targets/coney_island_rect_infill_0065_target.png,Fill in the outlined section with the missing pixels corresponding to the <sprite nyc pixel art> style. The red border indicates the region to generate. Variant: rect_infill.,rect_infill
inputs/dumbo_full_0066_input.png,targets/dumbo_full_0066_target.png,Fill in the outlined section with the missing pixels corresponding to the <sprite nyc pixel art> style. The red border indicates the region to generate. Variant: full.,full
inputs/dumbo_quadrant_0067_input.png,targets/dumbo_quadrant_0067_target.png,Fill in the outlined section with the missing pixels corresponding to the <sprite nyc pixel art> style. The red border indicates the region to generate. Variant: quadrant.,quadrant
inputs/dumbo_half_0068_input.png,targets/dumbo_half_0068_target.png,Fill in the outlined section with the missing pixels corresponding to the <sprite nyc pixel art> style. The red border indicates the region to generate. Variant: half.,half
inputs/dumbo_middle_0069_input.png,targets/dumbo_middle_0069_target.png,Fill in the outlined section with the missing pixels corresponding to the <sprite nyc pixel art> style. The red border indicates the region to generate. Variant: middle.,middle
inputs/dumbo_rect_strip_0070_input.png,targets/dumbo_rect_strip_0070_target.png,Fill in the outlined section with the missing pixels corresponding to the <sprite nyc pixel art> style. The red border indicates the region to generate. Variant: rect_strip.,rect_strip
inputs/dumbo_rect_infill_0071_input.png,targets/dumbo_rect_infill_0071_target.png,Fill in the outlined section with the missing pixels corresponding to the <sprite nyc pixel art> style. The red border indicates the region to generate. Variant: rect_infill.,rect_infill
inputs/east_village_full_0072_input.png,targets/east_village_full_0072_target.png,Fill in the outlined section with the missing pixels corresponding to the <sprite nyc pixel art> style. The red border indicates the region to generate. Variant: full.,full
inputs/east_village_quadrant_0073_input.png,targets/east_village_quadrant_0073_target.png,Fill in the outlined section with the missing pixels corresponding to the <sprite nyc pixel art> style. The red border indicates the region to generate. Variant: quadrant.,quadrant
inputs/east_village_half_0074_input.png,targets/east_village_half_0074_target.png,Fill in the outlined section with the missing pixels corresponding to the <sprite nyc pixel art> style. The red border indicates the region to generate. Variant: half.,half
inputs/east_village_middle_0075_input.png,targets/east_village_middle_0075_target.png,Fill in the outlined section with the missing pixels corresponding to the <sprite nyc pixel art> style. The red border indicates the region to generate. Variant: middle.,middle
inputs/east_village_rect_strip_0076_input.png,targets/east_village_rect_strip_0076_target.png,Fill in the outlined section with the missing pixels corresponding to the <sprite nyc pixel art> style. The red border indicates the region to generate. Variant: rect_strip.,rect_strip
inputs/east_village_rect_infill_0077_input.png,targets/east_village_rect_infill_0077_target.png,Fill in the outlined section with the missing pixels corresponding to the <sprite nyc pixel art> style. The red border indicates the region to generate. Variant: rect_infill.,rect_infill
inputs/empire_state_full_0078_input.png,targets/empire_state_full_0078_target.png,Fill in the outlined section with the missing pixels corresponding to the <sprite nyc pixel art> style. The red border indicates the region to generate. Variant: full.,full
inputs/empire_state_quadrant_0079_input.png,targets/empire_state_quadrant_0079_target.png,Fill in the outlined section with the missing pixels corresponding to the <sprite nyc pixel art> style. The red border indicates the region to generate. Variant: quadrant.,quadrant
inputs/empire_state_half_0080_input.png,targets/empire_state_half_0080_target.png,Fill in the outlined section with the missing pixels corresponding to the <sprite nyc pixel art> style. The red border indicates the region to generate. Variant: half.,half
inputs/empire_state_middle_0081_input.png,targets/empire_state_middle_0081_target.png,Fill in the outlined section with the missing pixels corresponding to the <sprite nyc pixel art> style. The red border indicates the region to generate. Variant: middle.,middle
inputs/empire_state_rect_strip_0082_input.png,targets/empire_state_rect_strip_0082_target.png,Fill in the outlined section with the missing pixels corresponding to the <sprite nyc pixel art> style. The red border indicates the region to generate. Variant: rect_strip.,rect_strip
inputs/empire_state_rect_infill_0083_input.png,targets/empire_state_rect_infill_0083_target.png,Fill in the outlined section with the missing pixels corresponding to the <sprite nyc pixel art> style. The red border indicates the region to generate. Variant: rect_infill.,rect_infill
inputs/flatiron_full_0084_input.png,targets/flatiron_full_0084_target.png,Fill in the outlined section with the missing pixels corresponding to the <sprite nyc pixel art> style. The red border indicates the region to generate. Variant: full.,full
inputs/flatiron_quadrant_0085_input.png,targets/flatiron_quadrant_0085_target.png,Fill in the outlined section with the missing pixels corresponding to the <sprite nyc pixel art> style. The red border indicates the region to generate. Variant: quadrant.,quadrant
inputs/flatiron_half_0086_input.png,targets/flatiron_half_0086_target.png,Fill in the outlined section with the missing pixels corresponding to the <sprite nyc pixel art> style. The red border indicates the region to generate. Variant: half.,half
inputs/flatiron_middle_0087_input.png,targets/flatiron_middle_0087_target.png,Fill in the outlined section with the missing pixels corresponding to the <sprite nyc pixel art> style. The red border indicates the region to generate. Variant: middle.,middle
inputs/flatiron_rect_strip_0088_input.png,targets/flatiron_rect_strip_0088_target.png,Fill in the outlined section with the missing pixels corresponding to the <sprite nyc pixel art> style. The red border indicates the region to generate. Variant: rect_strip.,rect_strip
inputs/flatiron_rect_infill_0089_input.png,targets/flatiron_rect_infill_0089_target.png,Fill in the outlined section with the missing pixels corresponding to the <sprite nyc pixel art> style. The red border indicates the region to generate. Variant: rect_infill.,rect_infill
inputs/flushing_full_0090_input.png,targets/flushing_full_0090_target.png,Fill in the outlined section with the missing pixels corresponding to the <sprite nyc pixel art> style. The red border indicates the region to generate. Variant: full.,full
inputs/flushing_quadrant_0091_input.png,targets/flushing_quadrant_0091_target.png,Fill in the outlined section with the missing pixels corresponding to the <sprite nyc pixel art> style. The red border indicates the region to generate. Variant: quadrant.,quadrant
inputs/flushing_half_0092_input.png,targets/flushing_half_0092_target.png,Fill in the outlined section with the missing pixels corresponding to the <sprite nyc pixel art> style. The red border indicates the region to generate. Variant: half.,half
inputs/flushing_middle_0093_input.png,targets/flushing_middle_0093_target.png,Fill in the outlined section with the missing pixels corresponding to the <sprite nyc pixel art> style. The red border indicates the region to generate. Variant: middle.,middle
inputs/flushing_rect_strip_0094_input.png,targets/flushing_rect_strip_0094_target.png,Fill in the outlined section with the missing pixels corresponding to the <sprite nyc pixel art> style. The red border indicates the region to generate. Variant: rect_strip.,rect_strip
inputs/flushing_rect_infill_0095_input.png,targets/flushing_rect_infill_0095_target.png,Fill in the outlined section with the missing pixels corresponding to the <sprite nyc pixel art> style. The red border indicates the region to generate. Variant: rect_infill.,rect_infill
inputs/fort_greene_full_0096_input.png,targets/fort_greene_full_0096_target.png,Fill in the outlined section with the missing pixels corresponding to the <sprite nyc pixel art> style. The red border indicates the region to generate. Variant: full.,full
inputs/fort_greene_quadrant_0097_input.png,targets/fort_greene_quadrant_0097_target.png,Fill in the outlined section with the missing pixels corresponding to the <sprite nyc pixel art> style. The red border indicates the region to generate. Variant: quadrant.,quadrant
inputs/fort_greene_half_0098_input.png,targets/fort_greene_half_0098_target.png,Fill in the outlined section with the missing pixels corresponding to the <sprite nyc pixel art> style. The red border indicates the region to generate. Variant: half.,half
inputs/fort_greene_middle_0099_input.png,targets/fort_greene_middle_0099_target.png,Fill in the outlined section with the missing pixels corresponding to the <sprite nyc pixel art> style. The red border indicates the region to generate. Variant: middle.,middle
inputs/fort_greene_rect_strip_0100_input.png,targets/fort_greene_rect_strip_0100_target.png,Fill in the outlined section with the missing pixels corresponding to the <sprite nyc pixel art> style. The red border indicates the region to generate. Variant: rect_strip.,rect_strip
inputs/fort_greene_rect_infill_0101_input.png,targets/fort_greene_rect_infill_0101_target.png,Fill in the outlined section with the missing pixels corresponding to the <sprite nyc pixel art> style. The red border indicates the region to generate. Variant: rect_infill.,rect_infill
inputs/freedom_tower_full_0102_input.png,targets/freedom_tower_full_0102_target.png,Fill in the outlined section with the missing pixels corresponding to the <sprite nyc pixel art> style. The red border indicates the region to generate. Variant: full.,full
inputs/freedom_tower_quadrant_0103_input.png,targets/freedom_tower_quadrant_0103_target.png,Fill in the outlined section with the missing pixels corresponding to the <sprite nyc pixel art> style. The red border indicates the region to generate. Variant: quadrant.,quadrant
inputs/freedom_tower_half_0104_input.png,targets/freedom_tower_half_0104_target.png,Fill in the outlined section with the missing pixels corresponding to the <sprite nyc pixel art> style. The red border indicates the region to generate. Variant: half.,half
inputs/freedom_tower_middle_0105_input.png,targets/freedom_tower_middle_0105_target.png,Fill in the outlined section with the missing pixels corresponding to the <sprite nyc pixel art> style. The red border indicates the region to generate. Variant: middle.,middle
inputs/freedom_tower_rect_strip_0106_input.png,targets/freedom_tower_rect_strip_0106_target.png,Fill in the outlined section with the missing pixels corresponding to the <sprite nyc pixel art> style. The red border indicates the region to generate. Variant: rect_strip.,rect_strip
inputs/freedom_tower_rect_infill_0107_input.png,targets/freedom_tower_rect_infill_0107_target.png,Fill in the outlined section with the missing pixels corresponding to the <sprite nyc pixel art> style. The red border indicates the region to generate. Variant: rect_infill.,rect_infill
inputs/grand_central_full_0108_input.png,targets/grand_central_full_0108_target.png,Fill in the outlined section with the missing pixels corresponding to the <sprite nyc pixel art> style. The red border indicates the region to generate. Variant: full.,full
inputs/grand_central_quadrant_0109_input.png,targets/grand_central_quadrant_0109_target.png,Fill in the outlined section with the missing pixels corresponding to the <sprite nyc pixel art> style. The red border indicates the region to generate. Variant: quadrant.,quadrant
inputs/grand_central_half_0110_input.png,targets/grand_central_half_0110_target.png,Fill in the outlined section with the missing pixels corresponding to the <sprite nyc pixel art> style. The red border indicates the region to generate. Variant: half.,half
inputs/grand_central_middle_0111_input.png,targets/grand_central_middle_0111_target.png,Fill in the outlined section with the missing pixels corresponding to the <sprite nyc pixel art> style. The red border indicates the region to generate. Variant: middle.,middle
inputs/grand_central_rect_strip_0112_input.png,targets/grand_central_rect_strip_0112_target.png,Fill in the outlined section with the missing pixels corresponding to the <sprite nyc pixel art> style. The red border indicates the region to generate. Variant: rect_strip.,rect_strip
inputs/grand_central_rect_infill_0113_input.png,targets/grand_central_rect_infill_0113_target.png,Fill in the outlined section with the missing pixels corresponding to the <sprite nyc pixel art> style. The red border indicates the region to generate. Variant: rect_infill.,rect_infill
inputs/greenpoint_full_0114_input.png,targets/greenpoint_full_0114_target.png,Fill in the outlined section with the missing pixels corresponding to the <sprite nyc pixel art> style. The red border indicates the region to generate. Variant: full.,full
inputs/greenpoint_quadrant_0115_input.png,targets/greenpoint_quadrant_0115_target.png,Fill in the outlined section with the missing pixels corresponding to the <sprite nyc pixel art> style. The red border indicates the region to generate. Variant: quadrant.,quadrant
inputs/greenpoint_half_0116_input.png,targets/greenpoint_half_0116_target.png,Fill in the outlined section with the missing pixels corresponding to the <sprite nyc pixel art> style. The red border indicates the region to generate. Variant: half.,half
inputs/greenpoint_middle_0117_input.png,targets/greenpoint_middle_0117_target.png,Fill in the outlined section with the missing pixels corresponding to the <sprite nyc pixel art> style. The red border indicates the region to generate. Variant: middle.,middle
inputs/greenpoint_rect_strip_0118_input.png,targets/greenpoint_rect_strip_0118_target.png,Fill in the outlined section with the missing pixels corresponding to the <sprite nyc pixel art> style. The red border indicates the region to generate. Variant: rect_strip.,rect_strip
inputs/greenpoint_rect_infill_0119_input.png,targets/greenpoint_rect_infill_0119_target.png,Fill in the outlined section with the missing pixels corresponding to the <sprite nyc pixel art> style. The red border indicates the region to generate. Variant: rect_infill.,rect_infill
inputs/harlem_full_0120_input.png,targets/harlem_full_0120_target.png,Fill in the outlined section with the missing pixels corresponding to the <sprite nyc pixel art> style. The red border indicates the region to generate. Variant: full.,full
inputs/harlem_quadrant_0121_input.png,targets/harlem_quadrant_0121_target.png,Fill in the outlined section with the missing pixels corresponding to the <sprite nyc pixel art> style. The red border indicates the region to generate. Variant: quadrant.,quadrant
inputs/harlem_half_0122_input.png,targets/harlem_half_0122_target.png,Fill in the outlined section with the missing pixels corresponding to the <sprite nyc pixel art> style. The red border indicates the region to generate. Variant: half.,half
inputs/harlem_middle_0123_input.png,targets/harlem_middle_0123_target.png,Fill in the outlined section with the missing pixels corresponding to the <sprite nyc pixel art> style. The red border indicates the region to generate. Variant: middle.,middle
inputs/harlem_rect_strip_0124_input.png,targets/harlem_rect_strip_0124_target.png,Fill in the outlined section with the missing pixels corresponding to the <sprite nyc pixel art> style. The red border indicates the region to generate. Variant: rect_strip.,rect_strip
inputs/harlem_rect_infill_0125_input.png,targets/harlem_rect_infill_0125_target.png,Fill in the outlined section with the missing pixels corresponding to the <sprite nyc pixel art> style. The red border indicates the region to generate. Variant: rect_infill.,rect_infill
inputs/hudson_yards_full_0126_input.png,targets/hudson_yards_full_0126_target.png,Fill in the outlined section with the missing pixels corresponding to the <sprite nyc pixel art> style. The red border indicates the region to generate. Variant: full.,full
inputs/hudson_yards_quadrant_0127_input.png,targets/hudson_yards_quadrant_0127_target.png,Fill in the outlined section with the missing pixels corresponding to the <sprite nyc pixel art> style. The red border indicates the region to generate. Variant: quadrant.,quadrant
inputs/hudson_yards_half_0128_input.png,targets/hudson_yards_half_0128_target.png,Fill in the outlined section with the missing pixels corresponding to the <sprite nyc pixel art> style. The red border indicates the region to generate. Variant: half.,half
inputs/hudson_yards_middle_0129_input.png,targets/hudson_yards_middle_0129_target.png,Fill in the outlined section with the missing pixels corresponding to the <sprite nyc pixel art> style. The red border indicates the region to generate. Variant: middle.,middle
inputs/hudson_yards_rect_strip_0130_input.png,targets/hudson_yards_rect_strip_0130_target.png,Fill in the outlined section with the missing pixels corresponding to the <sprite nyc pixel art> style. The red border indicates the region to generate. Variant: rect_strip.,rect_strip
inputs/hudson_yards_rect_infill_0131_input.png,targets/hudson_yards_rect_infill_0131_target.png,Fill in the outlined section with the missing pixels corresponding to the <sprite nyc pixel art> style. The red border indicates the region to generate. Variant: rect_infill.,rect_infill
inputs/inwood_full_0132_input.png,targets/inwood_full_0132_target.png,Fill in the outlined section with the missing pixels corresponding to the <sprite nyc pixel art> style. The red border indicates the region to generate. Variant: full.,full
inputs/inwood_quadrant_0133_input.png,targets/inwood_quadrant_0133_target.png,Fill in the outlined section with the missing pixels corresponding to the <sprite nyc pixel art> style. The red border indicates the region to generate. Variant: quadrant.,quadrant
inputs/inwood_half_0134_input.png,targets/inwood_half_0134_target.png,Fill in the outlined section with the missing pixels corresponding to the <sprite nyc pixel art> style. The red border indicates the region to generate. Variant: half.,half
inputs/inwood_middle_0135_input.png,targets/inwood_middle_0135_target.png,Fill in the outlined section with the missing pixels corresponding to the <sprite nyc pixel art> style. The red border indicates the region to generate. Variant: middle.,middle
inputs/inwood_rect_strip_0136_input.png,targets/inwood_rect_strip_0136_target.png,Fill in the outlined section with the missing pixels corresponding to the <sprite nyc pixel art> style. The red border indicates the region to generate. Variant: rect_strip.,rect_strip
inputs/inwood_rect_infill_0137_input.png,targets/inwood_rect_infill_0137_target.png,Fill in the outlined section with the missing pixels corresponding to the <sprite nyc pixel art> style. The red border indicates the region to generate. Variant: rect_infill.,rect_infill
inputs/long_island_city_full_0138_input.png,targets/long_island_city_full_0138_target.png,Fill in the outlined section with the missing pixels corresponding to the <sprite nyc pixel art> style. The red border indicates the region to generate. Variant: full.,full
inputs/long_island_city_quadrant_0139_input.png,targets/long_island_city_quadrant_0139_target.png,Fill in the outlined section with the missing pixels corresponding to the <sprite nyc pixel art> style. The red border indicates the region to generate. Variant: quadrant.,quadrant
inputs/long_island_city_half_0140_input.png,targets/long_island_city_half_0140_target.png,Fill in the outlined section with the missing pixels corresponding to the <sprite nyc pixel art> style. The red border indicates the region to generate. Variant: half.,half
inputs/long_island_city_middle_0141_input.png,targets/long_island_city_middle_0141_target.png,Fill in the outlined section with the missing pixels corresponding to the <sprite nyc pixel art> style. The red border indicates the region to generate. Variant: middle.,middle
inputs/long_island_city_rect_strip_0142_input.png,targets/long_island_city_rect_strip_0142_target.png,Fill in the outlined section with the missing pixels corresponding to the <sprite nyc pixel art> style. The red border indicates the region to generate. Variant: rect_strip.,rect_strip
inputs/long_island_city_rect_infill_0143_input.png,targets/long_island_city_rect_infill_0143_target.png,Fill in the outlined section with the missing pixels corresponding to the <sprite nyc pixel art> style. The red border indicates the region to generate. Variant: rect_infill.,rect_infill
inputs/madison_square_garden_full_0144_input.png,targets/madison_square_garden_full_0144_target.png,Fill in the outlined section with the missing pixels corresponding to the <sprite nyc pixel art> style. The red border indicates the region to generate. Variant: full.,full
inputs/madison_square_garden_quadrant_0145_input.png,targets/madison_square_garden_quadrant_0145_target.png,Fill in the outlined section with the missing pixels corresponding to the <sprite nyc pixel art> style. The red border indicates the region to generate. Variant: quadrant.,quadrant
inputs/madison_square_garden_half_0146_input.png,targets/madison_square_garden_half_0146_target.png,Fill in the outlined section with the missing pixels corresponding to the <sprite nyc pixel art> style. The red border indicates the region to generate. Variant: half.,half
inputs/madison_square_garden_middle_0147_input.png,targets/madison_square_garden_middle_0147_target.png,Fill in the outlined section with the missing pixels corresponding to the <sprite nyc pixel art> style. The red border indicates the region to generate. Variant: middle.,middle
inputs/madison_square_garden_rect_strip_0148_input.png,targets/madison_square_garden_rect_strip_0148_target.png,Fill in the outlined section with the missing pixels corresponding to the <sprite nyc pixel art> style. The red border indicates the region to generate. Variant: rect_strip.,rect_strip
inputs/madison_square_garden_rect_infill_0149_input.png,targets/madison_square_garden_rect_infill_0149_target.png,Fill in the outlined section with the missing pixels corresponding to the <sprite nyc pixel art> style. The red border indicates the region to generate. Variant: rect_infill.,rect_infill
inputs/prospect_park_full_0150_input.png,targets/prospect_park_full_0150_target.png,Fill in the outlined section with the missing pixels corresponding to the <sprite nyc pixel art> style. The red border indicates the region to generate. Variant: full.,full
inputs/prospect_park_quadrant_0151_input.png,targets/prospect_park_quadrant_0151_target.png,Fill in the outlined section with the missing pixels corresponding to the <sprite nyc pixel art> style. The red border indicates the region to generate. Variant: quadrant.,quadrant
inputs/prospect_park_half_0152_input.png,targets/prospect_park_half_0152_target.png,Fill in the outlined section with the missing pixels corresponding to the <sprite nyc pixel art> style. The red border indicates the region to generate. Variant: half.,half
inputs/prospect_park_middle_0153_input.png,targets/prospect_park_middle_0153_target.png,Fill in the outlined section with the missing pixels corresponding to the <sprite nyc pixel art> style. The red border indicates the region to generate. Variant: middle.,middle
inputs/prospect_park_rect_strip_0154_input.png,targets/prospect_park_rect_strip_0154_target.png,Fill in the outlined section with the missing pixels corresponding to the <sprite nyc pixel art> style. The red border indicates the region to generate. Variant: rect_strip.,rect_strip
inputs/prospect_park_rect_infill_0155_input.png,targets/prospect_park_rect_infill_0155_target.png,Fill in the outlined section with the missing pixels corresponding to the <sprite nyc pixel art> style. The red border indicates the region to generate. Variant: rect_infill.,rect_infill
inputs/queens_jamaica_full_0156_input.png,targets/queens_jamaica_full_0156_target.png,Fill in the outlined section with the missing pixels corresponding to the <sprite nyc pixel art> style. The red border indicates the region to generate. Variant: full.,full
inputs/queens_jamaica_quadrant_0157_input.png,targets/queens_jamaica_quadrant_0157_target.png,Fill in the outlined section with the missing pixels corresponding to the <sprite nyc pixel art> style. The red border indicates the region to generate. Variant: quadrant.,quadrant
inputs/queens_jamaica_half_0158_input.png,targets/queens_jamaica_half_0158_target.png,Fill in the outlined section with the missing pixels corresponding to the <sprite nyc pixel art> style. The red border indicates the region to generate. Variant: half.,half
inputs/queens_jamaica_middle_0159_input.png,targets/queens_jamaica_middle_0159_target.png,Fill in the outlined section with the missing pixels corresponding to the <sprite nyc pixel art> style. The red border indicates the region to generate. Variant: middle.,middle
inputs/queens_jamaica_rect_strip_0160_input.png,targets/queens_jamaica_rect_strip_0160_target.png,Fill in the outlined section with the missing pixels corresponding to the <sprite nyc pixel art> style. The red border indicates the region to generate. Variant: rect_strip.,rect_strip
inputs/queens_jamaica_rect_infill_0161_input.png,targets/queens_jamaica_rect_infill_0161_target.png,Fill in the outlined section with the missing pixels corresponding to the <sprite nyc pixel art> style. The red border indicates the region to generate. Variant: rect_infill.,rect_infill
inputs/red_hook_full_0162_input.png,targets/red_hook_full_0162_target.png,Fill in the outlined section with the missing pixels corresponding to the <sprite nyc pixel art> style. The red border indicates the region to generate. Variant: full.,full
inputs/red_hook_quadrant_0163_input.png,targets/red_hook_quadrant_0163_target.png,Fill in the outlined section with the missing pixels corresponding to the <sprite nyc pixel art> style. The red border indicates the region to generate. Variant: quadrant.,quadrant
inputs/red_hook_half_0164_input.png,targets/red_hook_half_0164_target.png,Fill in the outlined section with the missing pixels corresponding to the <sprite nyc pixel art> style. The red border indicates the region to generate. Variant: half.,half
inputs/red_hook_middle_0165_input.png,targets/red_hook_middle_0165_target.png,Fill in the outlined section with the missing pixels corresponding to the <sprite nyc pixel art> style. The red border indicates the region to generate. Variant: middle.,middle
inputs/red_hook_rect_strip_0166_input.png,targets/red_hook_rect_strip_0166_target.png,Fill in the outlined section with the missing pixels corresponding to the <sprite nyc pixel art> style. The red border indicates the region to generate. Variant: rect_strip.,rect_strip
inputs/red_hook_rect_infill_0167_input.png,targets/red_hook_rect_infill_0167_target.png,Fill in the outlined section with the missing pixels corresponding to the <sprite nyc pixel art> style. The red border indicates the region to generate. Variant: rect_infill.,rect_infill
inputs/riverdale_full_0168_input.png,targets/riverdale_full_0168_target.png,Fill in the outlined section with the missing pixels corresponding to the <sprite nyc pixel art> style. The red border indicates the region to generate. Variant: full.,full
inputs/riverdale_quadrant_0169_input.png,targets/riverdale_quadrant_0169_target.png,Fill in the outlined section with the missing pixels corresponding to the <sprite nyc pixel art> style. The red border indicates the region to generate. Variant: quadrant.,quadrant
inputs/riverdale_half_0170_input.png,targets/riverdale_half_0170_target.png,Fill in the outlined section with the missing pixels corresponding to the <sprite nyc pixel art> style. The red border indicates the region to generate. Variant: half.,half
inputs/riverdale_middle_0171_input.png,targets/riverdale_middle_0171_target.png,Fill in the outlined section with the missing pixels corresponding to the <sprite nyc pixel art> style. The red border indicates the region to generate. Variant: middle.,middle
inputs/riverdale_rect_strip_0172_input.png,targets/riverdale_rect_strip_0172_target.png,Fill in the outlined section with the missing pixels corresponding to the <sprite nyc pixel art> style. The red border indicates the region to generate. Variant: rect_strip.,rect_strip
inputs/riverdale_rect_infill_0173_input.png,targets/riverdale_rect_infill_0173_target.png,Fill in the outlined section with the missing pixels corresponding to the <sprite nyc pixel art> style. The red border indicates the region to generate. Variant: rect_infill.,rect_infill
inputs/rockefeller_center_full_0174_input.png,targets/rockefeller_center_full_0174_target.png,Fill in the outlined section with the missing pixels corresponding to the <sprite nyc pixel art> style. The red border indicates the region to generate. Variant: full.,full
inputs/rockefeller_center_quadrant_0175_input.png,targets/rockefeller_center_quadrant_0175_target.png,Fill in the outlined section with the missing pixels corresponding to the <sprite nyc pixel art> style. The red border indicates the region to generate. Variant: quadrant.,quadrant
inputs/rockefeller_center_half_0176_input.png,targets/rockefeller_center_half_0176_target.png,Fill in the outlined section with the missing pixels corresponding to the <sprite nyc pixel art> style. The red border indicates the region to generate. Variant: half.,half
inputs/rockefeller_center_middle_0177_input.png,targets/rockefeller_center_middle_0177_target.png,Fill in the outlined section with the missing pixels corresponding to the <sprite nyc pixel art> style. The red border indicates the region to generate. Variant: middle.,middle
inputs/rockefeller_center_rect_strip_0178_input.png,targets/rockefeller_center_rect_strip_0178_target.png,Fill in the outlined section with the missing pixels corresponding to the <sprite nyc pixel art> style. The red border indicates the region to generate. Variant: rect_strip.,rect_strip
inputs/rockefeller_center_rect_infill_0179_input.png,targets/rockefeller_center_rect_infill_0179_target.png,Fill in the outlined section with the missing pixels corresponding to the <sprite nyc pixel art> style. The red border indicates the region to generate. Variant: rect_infill.,rect_infill
inputs/roosevelt_island_full_0180_input.png,targets/roosevelt_island_full_0180_target.png,Fill in the outlined section with the missing pixels corresponding to the <sprite nyc pixel art> style. The red border indicates the region to generate. Variant: full.,full
inputs/roosevelt_island_quadrant_0181_input.png,targets/roosevelt_island_quadrant_0181_target.png,Fill in the outlined section with the missing pixels corresponding to the <sprite nyc pixel art> style. The red border indicates the region to generate. Variant: quadrant.,quadrant
inputs/roosevelt_island_half_0182_input.png,targets/roosevelt_island_half_0182_target.png,Fill in the outlined section with the missing pixels corresponding to the <sprite nyc pixel art> style. The red border indicates the region to generate. Variant: half.,half
inputs/roosevelt_island_middle_0183_input.png,targets/roosevelt_island_middle_0183_target.png,Fill in the outlined section with the missing pixels corresponding to the <sprite nyc pixel art> style. The red border indicates the region to generate. Variant: middle.,middle
inputs/roosevelt_island_rect_strip_0184_input.png,targets/roosevelt_island_rect_strip_0184_target.png,Fill in the outlined section with the missing pixels corresponding to the <sprite nyc pixel art> style. The red border indicates the region to generate. Variant: rect_strip.,rect_strip
inputs/roosevelt_island_rect_infill_0185_input.png,targets/roosevelt_island_rect_infill_0185_target.png,Fill in the outlined section with the missing pixels corresponding to the <sprite nyc pixel art> style. The red border indicates the region to generate. Variant: rect_infill.,rect_infill
inputs/soho_full_0186_input.png,targets/soho_full_0186_target.png,Fill in the outlined section with the missing pixels corresponding to the <sprite nyc pixel art> style. The red border indicates the region to generate. Variant: full.,full
inputs/soho_quadrant_0187_input.png,targets/soho_quadrant_0187_target.png,Fill in the outlined section with the missing pixels corresponding to the <sprite nyc pixel art> style. The red border indicates the region to generate. Variant: quadrant.,quadrant
inputs/soho_half_0188_input.png,targets/soho_half_0188_target.png,Fill in the outlined section with the missing pixels corresponding to the <sprite nyc pixel art> style. The red border indicates the region to generate. Variant: half.,half
inputs/soho_middle_0189_input.png,targets/soho_middle_0189_target.png,Fill in the outlined section with the missing pixels corresponding to the <sprite nyc pixel art> style. The red border indicates the region to generate. Variant: middle.,middle
inputs/soho_rect_strip_0190_input.png,targets/soho_rect_strip_0190_target.png,Fill in the outlined section with the missing pixels corresponding to the <sprite nyc pixel art> style. The red border indicates the region to generate. Variant: rect_strip.,rect_strip
inputs/soho_rect_infill_0191_input.png,targets/soho_rect_infill_0191_target.png,Fill in the outlined section with the missing pixels corresponding to the <sprite nyc pixel art> style. The red border indicates the region to generate. Variant: rect_infill.,rect_infill
inputs/statue_of_liberty_full_0192_input.png,targets/statue_of_liberty_full_0192_target.png,Fill in the outlined section with the missing pixels corresponding to the <sprite nyc pixel art> style. The red border indicates the region to generate. Variant: full.,full
inputs/statue_of_liberty_quadrant_0193_input.png,targets/statue_of_liberty_quadrant_0193_target.png,Fill in the outlined section with the missing pixels corresponding to the <sprite nyc pixel art> style. The red border indicates the region to generate. Variant: quadrant.,quadrant
inputs/statue_of_liberty_half_0194_input.png,targets/statue_of_liberty_half_0194_target.png,Fill in the outlined section with the missing pixels corresponding to the <sprite nyc pixel art> style. The red border indicates the region to generate. Variant: half.,half
inputs/statue_of_liberty_middle_0195_input.png,targets/statue_of_liberty_middle_0195_target.png,Fill in the outlined section with the missing pixels corresponding to the <sprite nyc pixel art> style. The red border indicates the region to generate. Variant: middle.,middle
inputs/statue_of_liberty_rect_strip_0196_input.png,targets/statue_of_liberty_rect_strip_0196_target.png,Fill in the outlined section with the missing pixels corresponding to the <sprite nyc pixel art> style. The red border indicates the region to generate. Variant: rect_strip.,rect_strip
inputs/statue_of_liberty_rect_infill_0197_input.png,targets/statue_of_liberty_rect_infill_0197_target.png,Fill in the outlined section with the missing pixels corresponding to the <sprite nyc pixel art> style. The red border indicates the region to generate. Variant: rect_infill.,rect_infill
inputs/times_square_full_0198_input.png,targets/times_square_full_0198_target.png,Fill in the outlined section with the missing pixels corresponding to the <sprite nyc pixel art> style. The red border indicates the region to generate. Variant: full.,full
inputs/times_square_quadrant_0199_input.png,targets/times_square_quadrant_0199_target.png,Fill in the outlined section with the missing pixels corresponding to the <sprite nyc pixel art> style. The red border indicates the region to generate. Variant: quadrant.,quadrant
inputs/times_square_half_0200_input.png,targets/times_square_half_0200_target.png,Fill in the outlined section with the missing pixels corresponding to the <sprite nyc pixel art> style. The red border indicates the region to generate. Variant: half.,half
inputs/times_square_middle_0201_input.png,targets/times_square_middle_0201_target.png,Fill in the outlined section with the missing pixels corresponding to the <sprite nyc pixel art> style. The red border indicates the region to generate. Variant: middle.,middle
inputs/times_square_rect_strip_0202_input.png,targets/times_square_rect_strip_0202_target.png,Fill in the outlined section with the missing pixels corresponding to the <sprite nyc pixel art> style. The red border indicates the region to generate. Variant: rect_strip.,rect_strip
inputs/times_square_rect_infill_0203_input.png,targets/times_square_rect_infill_0203_target.png,Fill in the outlined section with the missing pixels corresponding to the <sprite nyc pixel art> style. The red border indicates the region to generate. Variant: rect_infill.,rect_infill
inputs/upper_east_side_full_0204_input.png,targets/upper_east_side_full_0204_target.png,Fill in the outlined section with the missing pixels corresponding to the <sprite nyc pixel art> style. The red border indicates the region to generate. Variant: full.,full
inputs/upper_east_side_quadrant_0205_input.png,targets/upper_east_side_quadrant_0205_target.png,Fill in the outlined section with the missing pixels corresponding to the <sprite nyc pixel art> style. The red border indicates the region to generate. Variant: quadrant.,quadrant
inputs/upper_east_side_half_0206_input.png,targets/upper_east_side_half_0206_target.png,Fill in the outlined section with the missing pixels corresponding to the <sprite nyc pixel art> style. The red border indicates the region to generate. Variant: half.,half
inputs/upper_east_side_middle_0207_input.png,targets/upper_east_side_middle_0207_target.png,Fill in the outlined section with the missing pixels corresponding to the <sprite nyc pixel art> style. The red border indicates the region to generate. Variant: middle.,middle
inputs/upper_east_side_rect_strip_0208_input.png,targets/upper_east_side_rect_strip_0208_target.png,Fill in the outlined section with the missing pixels corresponding to the <sprite nyc pixel art> style. The red border indicates the region to generate. Variant: rect_strip.,rect_strip
inputs/upper_east_side_rect_infill_0209_input.png,targets/upper_east_side_rect_infill_0209_target.png,Fill in the outlined section with the missing pixels corresponding to the <sprite nyc pixel art> style. The red border indicates the region to generate. Variant: rect_infill.,rect_infill
inputs/upper_west_side_full_0210_input.png,targets/upper_west_side_full_0210_target.png,Fill in the outlined section with the missing pixels corresponding to the <sprite nyc pixel art> style. The red border indicates the region to generate. Variant: full.,full
inputs/upper_west_side_quadrant_0211_input.png,targets/upper_west_side_quadrant_0211_target.png,Fill in the outlined section with the missing pixels corresponding to the <sprite nyc pixel art> style. The red border indicates the region to generate. Variant: quadrant.,quadrant
inputs/upper_west_side_half_0212_input.png,targets/upper_west_side_half_0212_target.png,Fill in the outlined section with the missing pixels corresponding to the <sprite nyc pixel art> style. The red border indicates the region to generate. Variant: half.,half
inputs/upper_west_side_middle_0213_input.png,targets/upper_west_side_middle_0213_target.png,Fill in the outlined section with the missing pixels corresponding to the <sprite nyc pixel art> style. The red border indicates the region to generate. Variant: middle.,middle
inputs/upper_west_side_rect_strip_0214_input.png,targets/upper_west_side_rect_strip_0214_target.png,Fill in the outlined section with the missing pixels corresponding to the <sprite nyc pixel art> style. The red border indicates the region to generate. Variant: rect_strip.,rect_strip
inputs/upper_west_side_rect_infill_0215_input.png,targets/upper_west_side_rect_infill_0215_target.png,Fill in the outlined section with the missing pixels corresponding to the <sprite nyc pixel art> style. The red border indicates the region to generate. Variant: rect_infill.,rect_infill
inputs/wall_street_full_0216_input.png,targets/wall_street_full_0216_target.png,Fill in the outlined section with the missing pixels corresponding to the <sprite nyc pixel art> style. The red border indicates the region to generate. Variant: full.,full
inputs/wall_street_quadrant_0217_input.png,targets/wall_street_quadrant_0217_target.png,Fill in the outlined section with the missing pixels corresponding to the <sprite nyc pixel art> style. The red border indicates the region to generate. Variant: quadrant.,quadrant
inputs/wall_street_half_0218_input.png,targets/wall_street_half_0218_target.png,Fill in the outlined section with the missing pixels corresponding to the <sprite nyc pixel art> style. The red border indicates the region to generate. Variant: half.,half
inputs/wall_street_middle_0219_input.png,targets/wall_street_middle_0219_target.png,Fill in the outlined section with the missing pixels corresponding to the <sprite nyc pixel art> style. The red border indicates the region to generate. Variant: middle.,middle
inputs/wall_street_rect_strip_0220_input.png,targets/wall_street_rect_strip_0220_target.png,Fill in the outlined section with the missing pixels corresponding to the <sprite nyc pixel art> style. The red border indicates the region to generate. Variant: rect_strip.,rect_strip
inputs/wall_street_rect_infill_0221_input.png,targets/wall_street_rect_infill_0221_target.png,Fill in the outlined section with the missing pixels corresponding to the <sprite nyc pixel art> style. The red border indicates the region to generate. Variant: rect_infill.,rect_infill
inputs/washington_square_full_0222_input.png,targets/washington_square_full_0222_target.png,Fill in the outlined section with the missing pixels corresponding to the <sprite nyc pixel art> style. The red border indicates the region to generate. Variant: full.,full
inputs/washington_square_quadrant_0223_input.png,targets/washington_square_quadrant_0223_target.png,Fill in the outlined section with the missing pixels corresponding to the <sprite nyc pixel art> style. The red border indicates the region to generate. Variant: quadrant.,quadrant
inputs/washington_square_half_0224_input.png,targets/washington_square_half_0224_target.png,Fill in the outlined section with the missing pixels corresponding to the <sprite nyc pixel art> style. The red border indicates the region to generate. Variant: half.,half
inputs/washington_square_middle_0225_input.png,targets/washington_square_middle_0225_target.png,Fill in the outlined section with the missing pixels corresponding to the <sprite nyc pixel art> style. The red border indicates the region to generate. Variant: middle.,middle
inputs/washington_square_rect_strip_0226_input.png,targets/washington_square_rect_strip_0226_target.png,Fill in the outlined section with the missing pixels corresponding to the <sprite nyc pixel art> style. The red border indicates the region to generate. Variant: rect_strip.,rect_strip
inputs/washington_square_rect_infill_0227_input.png,targets/washington_square_rect_infill_0227_target.png,Fill in the outlined section with the missing pixels corresponding to the <sprite nyc pixel art> style. The red border indicates the region to generate. Variant: rect_infill.,rect_infill
inputs/williamsburg_full_0228_input.png,targets/williamsburg_full_0228_target.png,Fill in the outlined section with the missing pixels corresponding to the <sprite nyc pixel art> style. The red border indicates the region to generate. Variant: full.,full
inputs/williamsburg_quadrant_0229_input.png,targets/williamsburg_quadrant_0229_target.png,Fill in the outlined section with the missing pixels corresponding to the <sprite nyc pixel art> style. The red border indicates the region to generate. Variant: quadrant.,quadrant
inputs/williamsburg_half_0230_input.png,targets/williamsburg_half_0230_target.png,Fill in the outlined section with the missing pixels corresponding to the <sprite nyc pixel art> style. The red border indicates the region to generate. Variant: half.,half
inputs/williamsburg_middle_0231_input.png,targets/williamsburg_middle_0231_target.png,Fill in the outlined section with the missing pixels corresponding to the <sprite nyc pixel art> style. The red border indicates the region to generate. Variant: middle.,middle
inputs/williamsburg_rect_strip_0232_input.png,targets/williamsburg_rect_strip_0232_target.png,Fill in the outlined section with the missing pixels corresponding to the <sprite nyc pixel art> style. The red border indicates the region to generate. Variant: rect_strip.,rect_strip
inputs/williamsburg_rect_infill_0233_input.png,targets/williamsburg_rect_infill_0233_target.png,Fill in the outlined section with the missing pixels corresponding to the <sprite nyc pixel art> style. The red border indicates the region to generate. Variant: rect_infill.,rect_infill
inputs/yankee_stadium_full_0234_input.png,targets/yankee_stadium_full_0234_target.png,Fill in the outlined section with the missing pixels corresponding to the <sprite nyc pixel art> style. The red border indicates the region to generate. Variant: full.,full
inputs/yankee_stadium_quadrant_0235_input.png,targets/yankee_stadium_quadrant_0235_target.png,Fill in the outlined section with the missing pixels corresponding to the <sprite nyc pixel art> style. The red border indicates the region to generate. Variant: quadrant.,quadrant
inputs/yankee_stadium_half_0236_input.png,targets/yankee_stadium_half_0236_target.png,Fill in the outlined section with the missing pixels corresponding to the <sprite nyc pixel art> style. The red border indicates the region to generate. Variant: half.,half
inputs/yankee_stadium_middle_0237_input.png,targets/yankee_stadium_middle_0237_target.png,Fill in the outlined section with the missing pixels corresponding to the <sprite nyc pixel art> style. The red border indicates the region to generate. Variant: middle.,middle
inputs/yankee_stadium_rect_strip_0238_input.png,targets/yankee_stadium_rect_strip_0238_target.png,Fill in the outlined section with the missing pixels corresponding to the <sprite nyc pixel art> style. The red border indicates the region to generate. Variant: rect_strip.,rect_strip
inputs/yankee_stadium_rect_infill_0239_input.png,targets/yankee_stadium_rect_infill_0239_target.png,Fill in the outlined section with the missing pixels corresponding to the <sprite nyc pixel art> style. The red border indicates the region to generate. Variant: rect_infill.,rect_infill
